{
    "lower_limit": 13.704999999999995,
    "upper_limit": 47.28500000000001
}